event_id,signal_id,cluster_id,revision,event_start_date,event_end_date,published_at,first_seen_at,updated_at,disease_id,disease_name_zh,disease_name_en,subtype,location,continent,cases,deaths,hospitalizations,period_type,source_org,source_type,source_tier,source,description_cn,review_status,extraction_confidence,data_quality_score,quality_status
evt_b733a8f6db8f08105469,sig_b733a8f6db8f08105469,cluster_b71f9381c7bd14e14cb5,1,2026-09-29,2026-09-29,2026-09-29,2026-09-30T02:25:12Z,2026-09-30T02:25:12Z,dengue,登革热,Dengue,,印度古吉拉特邦,亚洲,,,,event,NDTV,other_open_source,4,https://www.ndtv.com/health/dengue-cases-down-by-39-per-cent-in-gujarat-as-government-steps-up-mosquito-control-12113004,"印度古吉拉特邦加强蚊媒疾病防控,疟疾和登革热病例同比下降,登革热检出2099例阳性。",unreviewed,0.92,92,validated
evt_abd4a4eaae90f5e3bb41,sig_abd4a4eaae90f5e3bb41,cluster_e75c29ee6da69d461058,1,2025-07-01,2025-07-01,2026-09-29,2026-09-30T02:25:12Z,2026-09-30T02:25:12Z,malaria,疟疾,Malaria,,卢旺达,非洲,,,,event,AllAfrica,other_open_source,4,https://allafrica.com/stories/202609290012.html,"卢旺达2025-2026季度疟疾发病率从76/1000降至72/1000,月度病例从峰值逐步回落。",unreviewed,0.92,92,validated
evt_76fedd686f1b5e54cd66,sig_76fedd686f1b5e54cd66,cluster_99785facfb201a6f51ed,1,2026-08-23,2026-08-23,2026-09-29,2026-09-30T02:25:12Z,2026-09-30T02:25:12Z,dengue,登革热,Dengue,,菲律宾卡马里内斯苏尔省,亚洲,,18,,event,菲律宾星报,other_open_source,4,https://www.philstar.com/nation/2026/09/29/2559763/camsur-declares-state-calamity-amid-rising-dengue-cases,"菲律宾卡马里内斯苏尔省因登革热激增宣布灾难状态,已有1233例确诊和18例死亡。",unreviewed,0.92,92,validated
evt_22381e946072c1398866,sig_22381e946072c1398866,cluster_4403629c341520549147,1,2026-08-23,2026-08-23,2026-09-29,2026-09-30T02:25:12Z,2026-09-30T02:25:12Z,dengue,登革热,Dengue,,菲律宾那牙市,亚洲,,18,,event,菲律宾星报,other_open_source,4,https://www.philstar.com/nation/2026/09/29/2559763/camsur-declares-state-calamity-amid-rising-dengue-cases,"菲律宾卡马里内斯苏尔省因登革热激增宣布灾难状态,已有1233例确诊和18例死亡。",unreviewed,0.92,92,validated
evt_d32bba085bd2a370bc78,sig_d32bba085bd2a370bc78,cluster_7d2d6b5af532e1990e1d,1,2026-08-23,2026-08-23,2026-09-29,2026-09-30T02:25:12Z,2026-09-30T02:25:12Z,dengue,登革热,Dengue,,菲律宾阿尔拜省,亚洲,,18,,event,菲律宾星报,other_open_source,4,https://www.philstar.com/nation/2026/09/29/2559763/camsur-declares-state-calamity-amid-rising-dengue-cases,"菲律宾卡马里内斯苏尔省因登革热激增宣布灾难状态,已有1233例确诊和18例死亡。",unreviewed,0.92,92,validated
evt_06c5a309156b4729f000,sig_06c5a309156b4729f000,cluster_0fbdffb4673748e969b8,1,2026-09-29,2026-09-29,2026-09-29,2026-09-30T02:25:12Z,2026-09-30T02:25:12Z,dengue,登革热,Dengue,,科伦坡,亚洲,100127,77,,cumulative,新华社,other_open_source,4,http://www.xinhuanet.com/english/asiapacific/20260929/ac27d2e53cd8482390a4ec3ca0eae890/c.html,"斯里兰卡卫生部通报,2026年截至9月底累计报告超10万例登革热病例,77人死亡。",unreviewed,0.92,92,validated
evt_c33b5b3a63dc950bfc82,sig_c33b5b3a63dc950bfc82,cluster_04069f1f67e577a921bf,1,2026-09-29,2026-09-29,2026-09-29,2026-09-30T02:25:12Z,2026-09-30T02:25:12Z,dengue,登革热,Dengue,,斯里兰卡,亚洲,100127,77,,cumulative,新华社,other_open_source,4,http://www.xinhuanet.com/english/asiapacific/20260929/ac27d2e53cd8482390a4ec3ca0eae890/c.html,"斯里兰卡卫生部通报,2026年截至9月底累计报告超10万例登革热病例,77人死亡。",unreviewed,0.92,92,validated
evt_916a3271939b2e0a6067,sig_916a3271939b2e0a6067,cluster_80faa0ffd23332cd317a,1,2026-09-29,2026-09-29,2026-09-29,2026-09-30T02:25:12Z,2026-09-30T02:25:12Z,dengue,登革热,Dengue,,斯里兰卡西部省,亚洲,100127,77,,cumulative,新华社,other_open_source,4,http://www.xinhuanet.com/english/asiapacific/20260929/ac27d2e53cd8482390a4ec3ca0eae890/c.html,"斯里兰卡卫生部通报,2026年截至9月底累计报告超10万例登革热病例,77人死亡。",unreviewed,0.92,92,validated
evt_bd3448a1359004bd3cdb,sig_bd3448a1359004bd3cdb,cluster_4a059f711f08938a02f6,1,2026-09-29,2026-09-29,2026-09-29,2026-09-30T02:25:12Z,2026-09-30T02:25:12Z,dengue,登革热,Dengue,,加姆帕哈,亚洲,100127,77,,cumulative,新华社,other_open_source,4,http://www.xinhuanet.com/english/asiapacific/20260929/ac27d2e53cd8482390a4ec3ca0eae890/c.html,"斯里兰卡卫生部通报,2026年截至9月底累计报告超10万例登革热病例,77人死亡。",unreviewed,0.92,92,validated
evt_e494e0664ac9c9304415,sig_e494e0664ac9c9304415,cluster_0fbdffb4673748e969b8,1,2026-09-29,2026-09-29,2026-09-29,2026-09-30T02:25:12Z,2026-09-30T02:25:12Z,dengue,登革热,Dengue,,科伦坡,亚洲,100127,77,,cumulative,中国日报,other_open_source,4,https://www.chinadaily.com.cn/a/202609/29/WS6abb6825e4b06d4aa0560cdd.html,"斯里兰卡2026年累计报告超10万例登革热病例,77人死亡,西部省疫情最严重。",unreviewed,0.92,92,validated
evt_5031bc824b926fa66f71,sig_5031bc824b926fa66f71,cluster_4a059f711f08938a02f6,1,2026-09-29,2026-09-29,2026-09-29,2026-09-30T02:25:12Z,2026-09-30T02:25:12Z,dengue,登革热,Dengue,,加姆帕哈,亚洲,100127,77,,cumulative,中国日报,other_open_source,4,https://www.chinadaily.com.cn/a/202609/29/WS6abb6825e4b06d4aa0560cdd.html,"斯里兰卡2026年累计报告超10万例登革热病例,77人死亡,西部省疫情最严重。",unreviewed,0.92,92,validated
evt_b100466dd9b750530b10,sig_b100466dd9b750530b10,cluster_4a2c8db38b0ee0156dee,1,2026-09-29,2026-09-29,2026-09-29,2026-09-30T02:25:12Z,2026-09-30T02:25:12Z,dengue,登革热,Dengue,,西部省,亚洲,100127,77,,cumulative,中国日报,other_open_source,4,https://www.chinadaily.com.cn/a/202609/29/WS6abb6825e4b06d4aa0560cdd.html,"斯里兰卡2026年累计报告超10万例登革热病例,77人死亡,西部省疫情最严重。",unreviewed,0.92,92,validated
evt_c5fbf68a97ae10cc06d3,sig_c5fbf68a97ae10cc06d3,cluster_04069f1f67e577a921bf,1,2026-09-29,2026-09-29,2026-09-29,2026-09-30T02:25:12Z,2026-09-30T02:25:12Z,dengue,登革热,Dengue,,斯里兰卡,亚洲,100127,77,,cumulative,中国日报,other_open_source,4,https://www.chinadaily.com.cn/a/202609/29/WS6abb6825e4b06d4aa0560cdd.html,"斯里兰卡2026年累计报告超10万例登革热病例,77人死亡,西部省疫情最严重。",unreviewed,0.92,92,validated
evt_dd8406aa0bab3e1207ea,sig_dd8406aa0bab3e1207ea,cluster_c854b2185b7f757d0edf,1,2026-09-01,2026-09-01,2026-09-28,2026-09-30T02:25:12Z,2026-09-30T02:25:12Z,influenza,流行性感冒,Influenza,H3N2,印度尼西亚,亚洲,22,,,cumulative,Tempo,other_open_source,4,https://en.tempo.co/read/2120490/influenza-positivity-rate-hits-56-in-indonesia-what-to-know,"印尼卫生部报告2026年第38周流感阳性率达56%,处于中等水平,以甲流H1N1pdm09为主。",unreviewed,0.92,92,validated
evt_037dd7d48e9f47927ae3,sig_037dd7d48e9f47927ae3,cluster_53304abad42e5bf1c2e9,1,2026-09-28,2026-09-28,2026-09-28,2026-09-30T02:25:12Z,2026-09-30T02:25:12Z,influenza,流行性感冒,Influenza,,美国华盛顿州,北美洲,,,,event,KUOW（西雅图公共电台）,other_open_source,4,https://www.kuow.org/health/2026-09-28/the-flu-has-arrived-early-in-washington-state,"华盛顿州流感季提前到来,9月19日当周233人因确诊流感就诊急诊。",unreviewed,0.92,92,validated
evt_af748754b193a0e8ce99,sig_af748754b193a0e8ce99,cluster_b9277c78193b23bb3557,1,2026-09-28,2026-09-28,2026-09-28,2026-09-30T02:25:12Z,2026-09-30T02:25:12Z,influenza,流行性感冒,Influenza,,西雅图,北美洲,,,,event,KUOW（西雅图公共电台）,other_open_source,4,https://www.kuow.org/health/2026-09-28/the-flu-has-arrived-early-in-washington-state,"华盛顿州流感季提前到来,9月19日当周233人因确诊流感就诊急诊。",unreviewed,0.92,92,validated
evt_df6651312ae4487180ee,sig_df6651312ae4487180ee,cluster_e1bd21de7198f11ef853,1,2026-09-28,2026-09-28,2026-09-28,2026-09-30T02:25:12Z,2026-09-30T02:25:12Z,measles,麻疹,Measles,,澳大利亚南澳州阿德莱德,大洋洲,9,,,cumulative,InDaily SA,other_open_source,4,https://www.indailysa.com.au/news/just-in/2026/09/28/latest-measles-case-at-adelaide-music-festival-while-infectious,"澳大利亚南澳州布莱顿高中暴发麻疹疫情,已确诊5例,最新患者为该校教师,曾到访阿德莱德一音乐节及医院。",unreviewed,0.92,92,validated
evt_ea8e229b1db6cea22b6f,sig_ea8e229b1db6cea22b6f,cluster_e34ab011abfae0ff4eb4,1,2026-09-28,2026-09-28,2026-09-28,2026-09-30T02:25:12Z,2026-09-30T02:25:12Z,ebola-virus-disease,埃博拉,Ebola virus disease,,刚果民主共和国,非洲,,3901,,cumulative,CTWANT（转载路透社）,news_media,3,https://tw.news.yahoo.com/%E5%89%9B%E6%9E%9C%E7%88%86%E7%99%BC%E5%9A%B4%E9%87%8D%E4%BC%8A%E6%B3%A2%E6%8B%89%E7%96%AB%E6%83%85-%E7%A2%BA%E8%A8%BA8067%E4%BE%8B-3901%E4%BA%BA%E6%AD%BB%E4%BA%A1-%E5%B0%88%E5%AE%B6%E7%A4%BA%E8%AD%A6-%E9%A2%A8%E9%9A%AA%E4%BB%8D%E6%9C%AA%E8%A7%A3%E9%99%A4-101224303.html,"刚果民主共和国爆发严重埃博拉疫情,确诊逾8067例,死亡近3901例,创该国历史新高。",unreviewed,0.92,92,validated
evt_572938ab23511644d7d6,sig_572938ab23511644d7d6,cluster_954fe70863faff71c4d7,1,2026-09-28,2026-09-28,2026-09-28,2026-09-30T02:25:12Z,2026-09-30T02:25:12Z,measles,麻疹,Measles,,萨尔瓦多,南美洲,,,,event,BEACON（转引自RFI）,other_open_source,4,https://beaconbio.org/en/report?filtersOpen=false&reportid=18f91f18-ad84-4cc9-b506-fa9b34adbbfe,"萨尔瓦多发热出诊咨询升至2037例,麻疹病例数维持。",unreviewed,0.92,92,validated
evt_58f13f1bbab95aaaddb4,sig_58f13f1bbab95aaaddb4,cluster_9db8ee8cd19304959420,1,2026-09-28,2026-09-28,2026-09-28,2026-09-30T02:25:12Z,2026-09-30T02:25:12Z,covid-19,新型冠状病毒感染,COVID-19,,韩国,亚洲,32,,436,event,Sedaily,other_open_source,4,https://en.sedaily.com/society/2026/09/28/flu-hospitalizations-jump-tenfold-in-korea-as-masks-return,"韩国流感住院436例同比近10倍,新冠住院327例,老年人群为主,两种呼吸道疾病同步蔓延。",unreviewed,0.92,92,validated
evt_0b19f0de4955795113c6,sig_0b19f0de4955795113c6,cluster_ffc65a7548dd688d94fa,1,2026-09-28,2026-09-28,2026-09-28,2026-09-30T02:25:12Z,2026-09-30T02:25:12Z,influenza,流行性感冒,Influenza,,菲律宾马尼拉,亚洲,18,,,cumulative,Inquirer,news_media,3,https://newsinfo.inquirer.net/2312763/18-new-cases-of-flu-like-illness-reported-in-manila-1955-total-cases,"菲律宾马尼拉9月28日新增18例流感样病例,年累计达1955例。",unreviewed,0.92,92,validated
evt_87b115e0026cb3583be8,sig_87b115e0026cb3583be8,cluster_608fcb98fd1f1d8615dc,1,2026-09-28,2026-09-28,2026-09-28,2026-09-30T02:25:12Z,2026-09-30T02:25:12Z,dengue,登革热,Dengue,,孟加拉国,亚洲,73694,225,,cumulative,Substack,news_media,3,https://outbreaknewstoday.substack.com/p/bangladesh-records-more-than-2000,"孟加拉国单日新增登革热2158例,2026年累计73694例,死亡225例。",unreviewed,0.92,92,validated
evt_be4594dce0087df00e97,sig_be4594dce0087df00e97,cluster_c96720b1baf207d95ce0,1,2026-09-28,2026-09-28,2026-09-28,2026-09-30T02:25:12Z,2026-09-30T02:25:12Z,avian-influenza,禽流感,Avian influenza,H5N1,柬埔寨奥多棉吉省,亚洲,,,,event,Promedmail,promed,2,https://www.promedmail.org/?alert_id=8735422,"2026年09月28日 柬埔寨奥多棉吉省发生人感染H5N1禽流感相关疫情,1例",unreviewed,1.0,100,validated
evt_d25f91dcfa6973453b69,sig_d25f91dcfa6973453b69,cluster_79cda20c707ef4303f77,1,2026-09-28,2026-09-28,2026-09-28,2026-09-30T02:25:12Z,2026-09-30T02:25:12Z,influenza,流行性感冒,Influenza,,中国广东省,亚洲,2,,,event,Promedmail,promed,2,https://www.promedmail.org/?alert_id=8735423,"2026年09月28日 中国河南省发生人感染禽流感A(H9N2)相关疫情,2例轻症病例,均已康复",unreviewed,1.0,100,validated
evt_e165641fc363950be282,sig_e165641fc363950be282,cluster_e5a1e00d8c9894dd37b4,1,2026-09-28,2026-09-28,2026-09-28,2026-09-30T02:25:12Z,2026-09-30T02:25:12Z,influenza,流行性感冒,Influenza,,中国河南省,亚洲,2,,,event,Promedmail,promed,2,https://www.promedmail.org/?alert_id=8735423,"2026年09月28日 中国河南省发生人感染禽流感A(H9N2)相关疫情,2例轻症病例,均已康复",unreviewed,1.0,100,validated
evt_fddb5e4191bd68481fbd,sig_fddb5e4191bd68481fbd,cluster_1ac4590f24b91adc0cb2,1,2026-09-14,2026-09-14,2026-09-27,2026-09-30T02:25:12Z,2026-09-30T02:25:12Z,dengue,登革热,Dengue,,越南,亚洲,34161,,,cumulative,越南通讯社,other_open_source,4,https://www.vietnam.vn/zh-cn/hon-34-000-ca-sot-xuat-huyet-tai-tp-hcm-canh-giac-voi-nhung-dau-hieu-nguy-hiem,"越南胡志明市2026年第38周新增登革热1462例,年初累计34161例,部分地区发病率较高,存在重症风险。",unreviewed,0.92,92,validated
evt_6fbd753c7504edfce0c3,sig_6fbd753c7504edfce0c3,cluster_593255084926138a52e6,1,2026-09-14,2026-09-14,2026-09-27,2026-09-30T02:25:12Z,2026-09-30T02:25:12Z,dengue,登革热,Dengue,,胡志明市,亚洲,34161,,,cumulative,越南通讯社,other_open_source,4,https://www.vietnam.vn/zh-cn/hon-34-000-ca-sot-xuat-huyet-tai-tp-hcm-canh-giac-voi-nhung-dau-hieu-nguy-hiem,"越南胡志明市2026年第38周新增登革热1462例,年初累计34161例,部分地区发病率较高,存在重症风险。",unreviewed,0.92,92,validated
evt_9f75926877f41a107892,sig_9f75926877f41a107892,cluster_1d86ec6fb192b38fff45,1,2026-09-01,2026-09-01,2026-09-26,2026-09-30T02:25:12Z,2026-09-30T02:25:12Z,covid-19,新型冠状病毒感染,COVID-19,,西班牙,欧洲,,,,event,Russpain,other_open_source,4,https://russpain.com/news/covid-moves-ahead-of-flu-in-spain-as-experts-call-for-renewed-protection-98948,"西班牙新冠发病率升至85例/10万人,超过流感,专家呼吁接种疫苗并戴口罩。",unreviewed,0.92,92,validated
evt_1ddf9806bd7c662d7849,sig_1ddf9806bd7c662d7849,cluster_0615ab55d8ed73aa91fb,1,2026-09-26,2026-09-26,2026-09-26,2026-09-30T02:25:12Z,2026-09-30T02:25:12Z,enterovirus-infection,肠病毒感染,Enterovirus infection,,中国台湾,亚洲,7,,,cumulative,EBC东森新闻,news_media,3,https://news.ebc.net.tw/news/health/572964,"台湾肠病毒疫情升温,疾管署警告最快本周进入流行期,高峰单周就诊恐破1.4万人次,今年累计7例重症。",unreviewed,0.92,92,validated
evt_3632f4d5f8ad227598e8,sig_3632f4d5f8ad227598e8,cluster_ecf8a12e0d1f37e845ac,1,2026-09-26,2026-09-26,2026-09-26,2026-09-30T02:25:12Z,2026-09-30T02:25:12Z,ebola-virus-disease,埃博拉,Ebola virus disease,,刚果民主共和国伊图里省,非洲,,,,event,Reuters,other_open_source,4,https://www.reuters.com/business/healthcare-pharmaceuticals/mpox-case-confirmed-northeastern-congolese-city-center-ebola-outbreak-2026-09-25,"刚果(金)伊图里省布尼亚确诊1例猴痘,21岁女性住院隔离,另有多例疑似。",unreviewed,0.92,92,validated
evt_a61ffb25857ddde666d8,sig_a61ffb25857ddde666d8,cluster_672990c8b29f95c31385,1,2026-09-25,2026-09-25,2026-09-25,2026-09-30T02:25:12Z,2026-09-30T02:25:12Z,influenza,流行性感冒,Influenza,H1N1,法属留尼汪岛,非洲,,3,,event,法国公共卫生局,other_open_source,4,https://www.santepubliquefrance.fr/regions-et-territoires/ocean-indien/bulletin-regional/surveillance-sanitaire-a-la-reunion-bulletin-du-25-septembre-2026,"留尼汪流感疫情加剧,钩端螺旋体病246例3死亡,猴痘29例。",unreviewed,0.92,92,validated
evt_0496f6c9581c6debb079,sig_0496f6c9581c6debb079,cluster_2fa1607e63e8f7fa2211,1,2026-09-24,2026-09-24,2026-09-25,2026-09-30T02:25:12Z,2026-09-30T02:25:12Z,norovirus-infection,诺如病毒感染,Norovirus infection,,中国澳门,亚洲,,,,event,澳门卫生局,other_open_source,4,https://www.gov.mo/zh-hant/news/1269094,"澳门一小学4名学生集体感染胃肠炎,疑似病毒引发,无重症。",unreviewed,0.92,92,validated
evt_c7417c2f05ace0ddc7d1,sig_c7417c2f05ace0ddc7d1,cluster_f0f7dbe206db66c5292b,1,2026-09-25,2026-09-25,2026-09-25,2026-09-30T02:25:12Z,2026-09-30T02:25:12Z,unclassified-2b4038da,基孔肯雅热,Unclassified,,法属圭亚那,南美洲,,,,cumulative,Santepubliquefrance,other_open_source,4,https://www.santepubliquefrance.fr/regions-et-territoires/guyane/bulletin-regional/chikungunya-et-dengue-en-guyane-bulletin-du-24-septembre-2026,"法属圭亚那基孔肯雅热疫情仍在持续,自2026年1月底以来累计确诊1968例,部分地区疫情趋于减缓。",unreviewed,0.8,80,warning
evt_1e58ccc4dcbf345a1458,sig_1e58ccc4dcbf345a1458,cluster_120b227030f4ac8631d9,1,2026-09-25,2026-09-25,2026-09-25,2026-09-30T02:25:12Z,2026-09-30T02:25:12Z,influenza,流行性感冒,Influenza,H1N1,留尼汪,非洲,,3,,event,Santepubliquefrance,other_open_source,4,https://www.santepubliquefrance.fr/regions-et-territoires/ocean-indien/bulletin-regional/surveillance-sanitaire-a-la-reunion-bulletin-du-25-septembre-2026,"留尼汪卫生公报:流感疫情持续,钩端螺旋体病246例3死,猴痘29例。",unreviewed,0.92,92,validated
evt_a69a4fb5c857f47174e7,sig_a69a4fb5c857f47174e7,cluster_62767e32ecd7d4b5ebce,1,2026-09-25,2026-09-25,2026-09-25,2026-09-30T02:25:12Z,2026-09-30T02:25:12Z,influenza,流行性感冒,Influenza,,中国澳门,亚洲,,,,event,GOV,other_open_source,4,https://www.gov.mo/zh-hant/news/1269091,"澳门4所学校暴发流感群集感染,33名学生发病,15人甲流阳性。",unreviewed,0.92,92,validated
evt_981974de2c55c187bb9a,sig_981974de2c55c187bb9a,cluster_b87a737849e822c79167,1,2026-01-01,2026-01-01,2026-09-24,2026-09-30T02:25:12Z,2026-09-30T02:25:12Z,dengue,登革热,Dengue,,巴基斯坦拉合尔,亚洲,,,,event,Express Tribune,other_open_source,4,https://tribune.com.pk/story/2631123/lahore-enjoying-dengue-ebb,"巴基斯坦拉合尔近年登革热病例和死亡大幅下降,本年度截至目前仅报告23例,无死亡。",unreviewed,0.92,92,validated
evt_c363bba0650aa9510761,sig_c363bba0650aa9510761,cluster_2c8383f48af8db86757f,1,2026-09-17,2026-09-17,2026-09-24,2026-09-30T02:25:12Z,2026-09-30T02:25:12Z,dengue,登革热,Dengue,,印度金奈,亚洲,,1,,event,新印度快报,other_open_source,4,https://www.newindianexpress.com/cities/chennai/2026/Sep/24/no-follow-up-action-after-dengue-death-infections-in-chennai-allege-families,"印度金奈出现登革热病例,1名66岁男子因登革出血热死亡,另1名7岁儿童住院。",unreviewed,0.92,92,validated
evt_5b67a282ea38c6d4352e,sig_5b67a282ea38c6d4352e,cluster_5ee83b3ea321af737d9c,1,2026-09-24,2026-09-24,2026-09-24,2026-09-30T02:25:12Z,2026-09-30T02:25:12Z,covid-19,新型冠状病毒感染,COVID-19,,法属圭亚那,南美洲,154,,,cumulative,法国公共卫生局,other_open_source,4,https://www.santepubliquefrance.fr/regions-et-territoires/guyane/bulletin-regional/surveillance-sanitaire-en-guyane-bulletin-du-24-septembre-2026,"法属圭亚那9月24日卫生公报:近两周疟疾3例,流感及新冠各1例阳性,年初疟疾累计154例。",unreviewed,0.92,92,validated
evt_766b03341d02ef251e15,sig_766b03341d02ef251e15,cluster_d49bee1fdb2d152ff02d,1,2026-09-24,2026-09-24,2026-09-24,2026-09-30T02:25:12Z,2026-09-30T02:25:12Z,dengue,登革热,Dengue,,中国台湾,亚洲,15,,,cumulative,LINE TODAY,news_media,3,https://today.line.me/tw/v3/article/5yvkWLV,"台湾彰化县今年累计15例登革热,较去年同期倍增,卫生部门已启动防疫总动员。",unreviewed,0.92,92,validated
evt_93da179c94f5217a42dd,sig_93da179c94f5217a42dd,cluster_62767e32ecd7d4b5ebce,1,2026-09-24,2026-09-24,2026-09-24,2026-09-30T02:25:12Z,2026-09-30T02:25:12Z,influenza,流行性感冒,Influenza,,中国澳门,亚洲,,,,event,GOV,other_open_source,4,https://www.gov.mo/zh-hant/news/1268696,"澳门2所学校暴发流感群集性感染,共17名学生发病,6人甲流阳性。",unreviewed,0.92,92,validated
evt_1c9ab91fc489ecea8e9a,sig_1c9ab91fc489ecea8e9a,cluster_fc3bad6ce5ad6c6e9961,1,2026-09-18,2026-09-18,2026-09-23,2026-09-30T02:25:12Z,2026-09-30T02:25:12Z,measles,麻疹,Measles,,美国威斯康星州爱荷华县,北美洲,167,,,event,ThedaCare,other_open_source,4,https://thedacare.org/measles-cases-are-climbing-in-wisconsin-are-you-protected,"美国威斯康星州暴发麻疹疫情,截至9月18日已确诊167例,为该州数十年来最高,主要集中在西南部。",unreviewed,0.92,92,validated
evt_375a9bb5834a7d57fbe1,sig_375a9bb5834a7d57fbe1,cluster_6816a214a672aeeb794a,1,2026-09-18,2026-09-18,2026-09-23,2026-09-30T02:25:12Z,2026-09-30T02:25:12Z,measles,麻疹,Measles,,美国威斯康星州格兰特县,北美洲,167,,,event,ThedaCare,other_open_source,4,https://thedacare.org/measles-cases-are-climbing-in-wisconsin-are-you-protected,"美国威斯康星州暴发麻疹疫情,截至9月18日已确诊167例,为该州数十年来最高,主要集中在西南部。",unreviewed,0.92,92,validated
evt_a91957e1d0c85459fd93,sig_a91957e1d0c85459fd93,cluster_976107cb2b1a0fe7ecea,1,2026-09-18,2026-09-18,2026-09-23,2026-09-30T02:25:12Z,2026-09-30T02:25:12Z,measles,麻疹,Measles,,美国威斯康星州拉法叶县,北美洲,167,,,event,ThedaCare,other_open_source,4,https://thedacare.org/measles-cases-are-climbing-in-wisconsin-are-you-protected,"美国威斯康星州暴发麻疹疫情,截至9月18日已确诊167例,为该州数十年来最高,主要集中在西南部。",unreviewed,0.92,92,validated
evt_b274f96e27dfce8a7c4b,sig_b274f96e27dfce8a7c4b,cluster_2daa4393f11d19cfab99,1,2026-09-18,2026-09-18,2026-09-23,2026-09-30T02:25:12Z,2026-09-30T02:25:12Z,measles,麻疹,Measles,,美国威斯康星州,北美洲,167,,,event,ThedaCare,other_open_source,4,https://thedacare.org/measles-cases-are-climbing-in-wisconsin-are-you-protected,"美国威斯康星州暴发麻疹疫情,截至9月18日已确诊167例,为该州数十年来最高,主要集中在西南部。",unreviewed,0.92,92,validated
evt_455051852786cf874545,sig_455051852786cf874545,cluster_788e00c90207f184ad5e,1,2026-09-23,2026-09-23,2026-09-23,2026-09-30T02:25:12Z,2026-09-30T02:25:12Z,unclassified-63fe91f7,西尼罗病毒,Unclassified,,法国普罗旺斯-阿尔卑斯-蓝色海岸大区,欧洲,47,,,event,法国公共卫生局,other_open_source,4,https://www.santepubliquefrance.fr/regions-et-territoires/provence-alpes-cote-dazur-et-corse/bulletin-regional/surveillance-sanitaire-en-paca-bulletin-du-23-septembre-2026,"法国普罗旺斯地区西尼罗病毒活跃传播,已确诊47例人类病例,近半住院。",unreviewed,0.8,80,warning
evt_a48f08dd9c448d1b4db4,sig_a48f08dd9c448d1b4db4,cluster_e649fd13d262554e430c,1,2026-09-23,2026-09-23,2026-09-23,2026-09-30T02:25:12Z,2026-09-30T02:25:12Z,unclassified-63fe91f7,西尼罗病毒,Unclassified,,瓦尔省,欧洲,47,,,event,法国公共卫生局,other_open_source,4,https://www.santepubliquefrance.fr/regions-et-territoires/provence-alpes-cote-dazur-et-corse/bulletin-regional/surveillance-sanitaire-en-paca-bulletin-du-23-septembre-2026,"法国普罗旺斯地区西尼罗病毒活跃传播,已确诊47例人类病例,近半住院。",unreviewed,0.8,80,warning
evt_7c881da611548f8c2bc2,sig_7c881da611548f8c2bc2,cluster_3c02564feea241a31366,1,2026-09-23,2026-09-23,2026-09-23,2026-09-30T02:25:12Z,2026-09-30T02:25:12Z,unclassified-63fe91f7,西尼罗病毒,Unclassified,,罗讷河口省,欧洲,47,,,event,法国公共卫生局,other_open_source,4,https://www.santepubliquefrance.fr/regions-et-territoires/provence-alpes-cote-dazur-et-corse/bulletin-regional/surveillance-sanitaire-en-paca-bulletin-du-23-septembre-2026,"法国普罗旺斯地区西尼罗病毒活跃传播,已确诊47例人类病例,近半住院。",unreviewed,0.8,80,warning
evt_e38d13bd853dd4bf524a,sig_e38d13bd853dd4bf524a,cluster_1c6f644c0451d6451a59,1,2026-09-23,2026-09-23,2026-09-23,2026-09-30T02:25:12Z,2026-09-30T02:25:12Z,unclassified-63fe91f7,西尼罗病毒,Unclassified,,沃克吕兹省,欧洲,47,,,event,法国公共卫生局,other_open_source,4,https://www.santepubliquefrance.fr/regions-et-territoires/provence-alpes-cote-dazur-et-corse/bulletin-regional/surveillance-sanitaire-en-paca-bulletin-du-23-septembre-2026,"法国普罗旺斯地区西尼罗病毒活跃传播,已确诊47例人类病例,近半住院。",unreviewed,0.8,80,warning
evt_8b774ccbd63d6e80db39,sig_8b774ccbd63d6e80db39,cluster_df61aae85744484c8793,1,2026-09-17,2026-09-17,2026-09-23,2026-09-30T02:25:12Z,2026-09-30T02:25:12Z,enterovirus-infection,肠病毒感染,Enterovirus infection,,中国澳门,亚洲,,,,event,澳门卫生局,other_open_source,4,https://www.gov.mo/zh-hant/news/1268427,"澳门一学校班级发生肠病毒群集性感染,9名学生发病,病情较轻,无重症。",unreviewed,0.92,92,validated
evt_5865ed5ef50a0e89a5a2,sig_5865ed5ef50a0e89a5a2,cluster_62767e32ecd7d4b5ebce,1,2026-09-23,2026-09-23,2026-09-23,2026-09-30T02:25:12Z,2026-09-30T02:25:12Z,influenza,流行性感冒,Influenza,,中国澳门,亚洲,,,,event,GOV,other_open_source,4,https://www.gov.mo/zh-hant/news/1268424,"澳门卫生局接报3宗学校流感样疾病群集性感染,共22名学生发病,12人甲型流感阳性。",unreviewed,0.92,92,validated
evt_09f39d6e46de27af9ac2,sig_09f39d6e46de27af9ac2,cluster_6ae0043b58dde6894c69,2,2026-09-22,2026-09-22,2026-09-22,2026-09-24T07:41:01Z,2026-09-30T02:25:12Z,measles,麻疹,Measles,,美国堪萨斯州,北美洲,2,,,event,KCUR,other_open_source,4,https://www.hppr.org/hppr-news/2026-09-22/kansas-reports-two-measles-cases-associated-with-travel-within-the-us,"堪萨斯州报告2例与州外旅行相关的麻疹病例,系自2025年暴发以来首次新发病例。",unreviewed,0.92,92,validated
evt_953e961544b2b15bf21e,sig_953e961544b2b15bf21e,cluster_358a05775f57a9c3b7fe,1,2026-06-05,2026-06-05,2026-09-22,2026-09-30T02:25:12Z,2026-09-30T02:25:12Z,avian-influenza,禽流感,Avian influenza,H5N1,中国,亚洲,15,2026,,event,欧洲疾病预防控制中心,official_health_authority,1,https://www.ecdc.europa.eu/en/publications-data/avian-influenza-overview-june-august-2026,"2026年6至8月,孟加拉国、柬埔寨和中国共报告15例禽流感人类感染病例,无死亡。",unreviewed,1.0,100,validated
evt_e279e533b199873cd2e0,sig_e279e533b199873cd2e0,cluster_3dc7d5eb62879d291867,1,2026-06-05,2026-06-05,2026-09-22,2026-09-30T02:25:12Z,2026-09-30T02:25:12Z,avian-influenza,禽流感,Avian influenza,H5N1,柬埔寨,亚洲,15,2026,,event,欧洲疾病预防控制中心,official_health_authority,1,https://www.ecdc.europa.eu/en/publications-data/avian-influenza-overview-june-august-2026,"2026年6至8月,孟加拉国、柬埔寨和中国共报告15例禽流感人类感染病例,无死亡。",unreviewed,1.0,100,validated
evt_b49d92ff74c93e16455d,sig_b49d92ff74c93e16455d,cluster_16de0d28acc76d249d48,1,2026-06-05,2026-06-05,2026-09-22,2026-09-30T02:25:12Z,2026-09-30T02:25:12Z,avian-influenza,禽流感,Avian influenza,H5N1,孟加拉国,亚洲,15,2026,,event,欧洲疾病预防控制中心,official_health_authority,1,https://www.ecdc.europa.eu/en/publications-data/avian-influenza-overview-june-august-2026,"2026年6至8月,孟加拉国、柬埔寨和中国共报告15例禽流感人类感染病例,无死亡。",unreviewed,1.0,100,validated
evt_190074b2b0210fff3e64,sig_190074b2b0210fff3e64,cluster_a54ef25c12ee97611d07,2,2026-09-15,2026-09-15,2026-09-22,2026-09-24T07:41:01Z,2026-09-30T02:25:12Z,unclassified-a025d0a6,水痘,Unclassified,,中国澳门,亚洲,,,,event,澳门特区政府卫生局,other_open_source,4,https://www.gov.mo/zh-hant/news/1268089,"澳门培华中学暴发水痘群集性感染,18名学生出现红疹及水疱,无重症,已派员消毒并执行停学规定。",unreviewed,0.8,80,warning
evt_16b4cab33ca0c5ab426a,sig_16b4cab33ca0c5ab426a,cluster_b6ce468a21a36cb1c629,1,2026-07-01,2026-07-01,2026-09-22,2026-09-30T02:25:12Z,2026-09-30T02:25:12Z,measles,麻疹,Measles,,伊法纳迪亚纳区,亚洲,,,,event,新华社,other_open_source,4,https://www.zaobao.com.sg/news/world/story20260923-9720517,"马达加斯加伊法纳迪亚纳区37人因麻疹和疟疾死亡,75%为儿童,卫生部门已开展疫苗接种。",unreviewed,0.92,92,validated
evt_810e3e1591463bd073b2,sig_810e3e1591463bd073b2,cluster_78e485a21acfb78a1a9d,1,2026-07-01,2026-07-01,2026-09-22,2026-09-30T02:25:12Z,2026-09-30T02:25:12Z,measles,麻疹,Measles,,马达加斯加,亚洲,,,,event,新华社,other_open_source,4,https://www.zaobao.com.sg/news/world/story20260923-9720517,"马达加斯加伊法纳迪亚纳区37人因麻疹和疟疾死亡,75%为儿童,卫生部门已开展疫苗接种。",unreviewed,0.92,92,validated
evt_591eb02518d9f297e740,sig_591eb02518d9f297e740,cluster_df61aae85744484c8793,2,2026-09-22,2026-09-22,2026-09-22,2026-09-24T07:41:01Z,2026-09-30T02:25:12Z,enterovirus-infection,肠病毒感染,Enterovirus infection,,中国澳门,亚洲,,,,event,GOV,other_open_source,4,https://www.gov.mo/zh-hant/news/1268180,"澳门同善堂第三托儿所发生肠病毒群聚感染,3名幼童感染,病情较轻。",unreviewed,0.92,92,validated
evt_18931d2ebe90facb8d3c,sig_18931d2ebe90facb8d3c,cluster_62767e32ecd7d4b5ebce,2,2026-09-22,2026-09-22,2026-09-22,2026-09-24T07:41:01Z,2026-09-30T02:25:12Z,influenza,流行性感冒,Influenza,,中国澳门,亚洲,,,,event,GOV,other_open_source,4,https://www.gov.mo/zh-hant/news/1268184,"澳门2宗学校流感群集感染,共14名学生确诊甲流,病情较轻。",unreviewed,0.92,92,validated
evt_24e9f67afd61e40d438e,sig_24e9f67afd61e40d438e,cluster_b582404138c8e98c0adc,1,2026-09-21,2026-09-21,2026-09-21,2026-09-30T02:25:12Z,2026-09-30T02:25:12Z,unclassified-0439465c,尤文氏肉瘤,Unclassified,,Ladera Ranch,北美洲,,,,event,CNN,other_open_source,4,https://www.cnn.com/2026/09/20/us/california-ladera-ranch-childhood-cancer,"报道讨论美国加州Ladera Ranch社区儿童尤文氏肉瘤病例聚集现象及环境因素调查,属于癌症集群,非传染病疫情。",unreviewed,0.8,80,warning
evt_17c138951ca00a20600c,sig_17c138951ca00a20600c,cluster_9db8ee8cd19304959420,2,2026-09-14,2026-09-14,2026-09-20,2026-09-24T07:41:01Z,2026-09-30T02:25:12Z,covid-19,新型冠状病毒感染,COVID-19,,韩国,亚洲,,,19,event,韩国疾病控制厅（KDCA）,other_open_source,4,https://dportal.kdca.go.kr/pot/bbs/BD_selectBbs.do?q_bbsDocNo=20260923180946565&q_bbsSn=1010&q_clsfNo=2,韩国2026年第38周哨点监测显示流感与新冠住院病例近期持续增加,unreviewed,0.92,92,validated
